# 一、MongoDB

MySQL与MongoDB都是开源的常用数据库，但是MySQL是传统的关系型数据库，MongoDB则是非关系型数据库，也叫文档型数据库，是一种NoSQL的数据库。它们各有各的优点，关键是看用在什么地方。所以我们所熟知的那些SQL语句就不适用于MongoDB了，因为SQL语句是关系型数据库的标准语言。



## 1. MongoDB 与 MySQL 数据库区别

### 1.1 关系型数据库-MySQL

关系型数据库中的数据是结构化数据，包含多个表，表里表有行和列

1、在不同的引擎上有不同的存储方式。
 2、查询语句是使用传统的sql语句，拥有较为成熟的体系，成熟度很高。
 3、开源数据库的份额在不断增加，mysql的份额页在持续增长。
 4、缺点就是在海量数据处理的时候效率会显著变慢。



### 1.2 非关系型数据库-MongoDB

非关系型数据库(nosql ),属于文档型数据库。先解释一下文档的数据库，即可以存放xml、json、bson类型系那个的数据。这些数据具备自述性，呈现分层的树状数据结构。数据结构由键值(key=>value)对组成。

1、存储方式：虚拟内存+持久化。
 2、查询语句：是独特的MongoDB的查询方式。
 3、适合场景：事件的记录，内容管理或者博客平台等等。
 4、架构特点：可以通过副本集，以及分片来实现高可用。
 5、数据处理：数据是存储在硬盘上的，只不过需要经常读取的数据会被加载到内存中，将数据存储在物理内存中，从而达到高速读写。
 6、成熟度与广泛度：新兴数据库，成熟度较低，Nosql数据库中最为接近关系型数据库，比较完善的DB之一，适用人群不断在增长。



### 1.3 MongoDB优势与劣势

优势：
 1、在适量级的内存的MongoDB的性能是非常迅速的，它将热数据存储在物理内存中，使得热数据的读写变得十分快。
 2、MongoDB的高可用和集群架构拥有十分高的扩展性。
 3、在副本集中，当主库遇到问题，无法继续提供服务的时候，副本集将选举一个新的主库继续提供服务。
 4、MongoDB的Bson和JSon格式的数据十分适合文档格式的存储与查询。
 劣势：
 1、 不支持事务操作。MongoDB本身没有自带事务机制，若需要在MongoDB中实现事务机制，需通过一个额外的表，从逻辑上自行实现事务。
 2、 应用经验少，由于NoSQL兴起时间短，应用经验相比关系型数据库较少。
 3、MongoDB占用空间过大。



### 4. 对比

| 数据库       | MongoDB                                              | MySQL                        |
| ------------ | ---------------------------------------------------- | ---------------------------- |
| 数据库模型   | 非关系型                                             | 关系型                       |
| 存储方式     | 以类JSON的文档的格式存储                             | 不同引擎有不同的存储方式     |
| 查询语句     | MongoDB查询方式（类似JavaScript的函数）              | SQL语句                      |
| 数据处理方式 | 基于内存，将热数据存放在物理内存中，从而达到高速读写 | 不同引擎有自己的特点         |
| 成熟度       | 新兴数据库，成熟度较低                               | 成熟度高                     |
| 广泛度       | NoSQL数据库中，比较完善且开源，使用人数在不断增长    | 开源数据库，市场份额不断增长 |
| 事务性       | 仅支持单文档事务操作，弱一致性                       | 支持事务操作                 |
| 占用空间     | 占用空间大                                           | 占用空间小                   |
| join操作     | MongoDB没有join                                      | MySQL支持join                |



## 2. 安装 MongoDB

社区版：https://www.mongodb.com/try/download/community

> 路径最好放在根目录



### 2.1 运行 MongoDB

**初始化 MangoDB**

创建一个文件夹，用来存放我们的数据

```
/MongoDB/Server/3.4/data/db
```



**运行 MangoDB**

CMD 进入以下目录

```
/MongoDB/Server/3.4/bin
```



运行命令（参数是刚才创建的数据目录）

```
mongod --dbpath C:\MongoDB\Server\3.4\data\db
```



**验证是否运行成功**

进入浏览器，输入

```
localhost:27017
```



> 在 bin 文件夹直接输入 mongo，可以直接进入 mongo 的控制台模式



### 2.2 MongoDB 配置服务自动运行

在 data 文件夹创建另外一个文件夹 logs，再创建一个 mongo.log 日志文件

```
/MongoDB/Server/3.4/data/logs/mongo.log
```



在bin文件夹中运行

```
mongod --bind_ip 0.0.0.0 --logpath C:\MongoDB\Server\3.4\data\logs\mongo.log --logappend --dbpath C:\MongoDB\Server\3.4\data\db --port 27017 --serviceName "MongoDB" --serviceDisplayName "MongoDB" --install
```



- --bind_ip：绑定IP。0.0.0.0 无限制
- --logpath： 日志文件路径
- --logappend：追加形式
- --dbpath： 数据路径
- --port：端口
- --serviceName： 服务名称
- --serviceDisplayName： 服务显示名称
- --install：安装



## 3. 可视化数据库操作

Robomongo



## 4. Linux 安装

**Ubuntu**

```
apt-get install mongodb
```



**CentOS**

```
yum install -y mongodb-org
```



运行

```
mongod
```





## 5. MacOS 安装

先安装 brew ，然后利用 brew 安装 mongodb

```
brew install mongodb
```





## Python 存储数据到 MongoDB

```
import pymongo

MONGO_URL = 'localhost'
MONGO_DB = 'toutiao'  # 数据库名称
MONGO_TABLE = 'toutiao'  # 表名

client = pymongo.MongoClient(MONGO_URL)
db = client[MONGO_DB]

result = {'title':'标题数据'}
db[MONGO_TABLE].insert(result)
```





# 二、Redis 数据库

## 1. Windows 安装：

https://www.runoob.com/redis/redis-install.html



可视化界面：**RedisDesktopManager**

https://github.com/uglide/RedisDesktopManager



## 2. Linux 安装

**Ubuntu**

```
apt-get install redis-server
```



进入 Redis 控制台

```
redis-cli
```



配置文件

```
vi /etc/redis/redis.conf
```

- bind_ip：注释掉可以远程连接
- requirepass： 设置密码



重启 Redis

```
service redis restart
```



带密码进入 redis-cli 控制台

```
redis-cli -a 密码
```



## 3. MacOS 安装

```
brew install redis
```



配置文件

```
/usr/local/etc/redis.conf
```



重启 Redis

```
brew services restart redis
```



# 三、MySQL

MySQL 是一个数据库管理系统，数据库系统控制着数据的存储于操作。SQL 是结构化查询语言（Structed Query Language），是一种数据库查询和程序设计语言，用于存取数据以及查询、更新和管理数据库系统。MySQL 是开源数据库用来存储数据，SQL 是查询语言可以对MySQL进行操作



## 1. 安装

### 1. Windows 安装

下载地址：

https://dev.mysql.com/downloads/installer/



可视化客户端：MySQL-Front

https://mysql-front.en.softonic.com/



### 2. Linux 安装

```
# CentOS7
# 先查看版本号
cat /etc/centos-release

# 安装wget
yum install wget

# 然后找到对应yum源
wget http://repo.mysql.com/mysql57-community-release-el7.rpm

# 配置 MySQL5.7
rpm -ivh mysql57-community-release-el7.rpm

# 安装 Mysql 服务
yum install mysql-server

# 启动 Mysql 服务
systemctl start mysqld

# 查看状态
systemctl status mysqld

# 获取初始密码
grep 'temporary password' /var/log/mysqld.log

# 初始化安全配置
mysql_secure_installation
```



**进入控制台**

```
mysql -uroot -p
```



**创建用户**

```
CREATE USER 'user1'@'localhost' IDENTIFIED BY 'Mima123$';
CREATE USER 'user1'@'%' IDENTIFIED BY 'Mima123$';
```

注意，这是创建用户 user1，密码为 Mima123$。 根据你的需求使用不同的用户名密码。

为什么创建一个用户要用两条命令？

@符号后面的 ‘localhost’ 表示该用户可以从localhost或者127.0.0.1地址连接访问数据库，也就是从本机访问数据库

@符号后面的 ‘%’ 表示该用户可以从其它IP地址连接访问数据库。



**授权**

随后输入如下命令，赋予user1用户所有权限，就是可以 该DBMS系统上 访问所有数据库里面所有的表

```sql
GRANT ALL ON *.* TO 'user1'@'localhost';
GRANT ALL ON *.* TO 'user1'@'%';
```

如果你只想赋予 user1用户，只能读取数据库mydb的表table1 的权限，就可以这样写

```sql
GRANT SELECT  ON mydb.table1 TO 'user1'@'localhost';
GRANT SELECT  ON mydb.table1 TO 'user1'@'%';
```



**退出**

最后，输入 `quit` 并回车，退出mysql命令行客户端。



**修改密码**

如果以后你想修改该用户的 密码，可以执行下面的 命令

```sql
SET PASSWORD FOR 'user1'@'localhost' = PASSWORD('otherpassword');   
SET PASSWORD FOR 'user1'@'%' = PASSWORD('otherpassword'); 
```



**设置开机自动运行MySQL服务**

数据库服务 通常应该 设置为 开机就自行启动的。 这样，即使服务器宕机了，重启后，也不需要我们手工启动数据库服务。

怎么设置 开机自动运行MySQL服务 呢？

如果你使用的是 centos 7 版本， 执行命令 `systemctl enable mysqld`

如果你使用的是 centos 6 版本， 执行命令 `chkconfig --level 345 mysqld on`



**打开防火墙3306端口**（如本地连接不用开启）

我们的程序有时候是通过网络远程访问 MySQL数据库服务的。

这时，需要让防火墙打开3306端口，以便外部程序可以通过网络访问。

如果你是CentOS7的系统，执行如下两条命令，分别是 打开 mysql服务3306端口，并且使规则立即生效

```
firewall-cmd --zone=public --add-service=mysql --permanent
firewall-cmd  --reload
```

你是CentOS6的系统，执行如下命令

```
iptables -I INPUT -p TCP --dport 3306 -j ACCEPT;/sbin/service iptables save
```



禁用远程连接：

关闭 3306 端口

修改MySQL的my.cnf文件，在文件中打开skip-networking这一行配置（没有这个配置，就自己增加这一行）。

```
[mysqld]
skip-networking
```



禁用用户远程登录

```
use mysql;
update user set host = "localhost" where user = "root" and host = "%";
flush privileges;
```



重新打开远程登录

```
use mysql;
update user set host = "%" where user = "root";
flush privileges;
```



### 3. MacOS 安装

```
brew install mysql
```



进入控制台

```
mysql -uroot -p
```



## 2. 数据库操作

记住所有 mysql 命令都需要以分号 `;` 结尾



进入 mysql 控制台

```
mysql -uroot -pMima123$
```

> root 为用户名, -p后边可以直接跟密码（不需要空格），也可以等着 Prompt 再输入



列数所有数据库

```
show databases;
```



创建数据库

```
create database 数据库名;
```

> 如果只是简单的输入 `CREATE DATABASE data` 这样的命令，字符编码通常默认是 latin编码， 通常不适合中文。



创建 UTF8 编码数据库

```
CREATE DATABASE 数据库名 CHARACTER SET utf8mb4  COLLATE utf8mb4_unicode_520_ci;
```

> 注意不能使用 utf8，需要设置 utf8mb4，因为 mysql 中的 UTF8 是3个字节，而真正的 UTF8 是四个字节



删除数据库

```
DROP DATABASE 数据库名;
```



选择/进入数据库

```
use 数据库名
```



**数据库导出、导入**

**导出**

执行下面的命令可以把byhy数据库里面所有的数据导出为sql数据文件

```py
mysqldump –u username –p --database dbname > data.sql
```

执行后，需要输入用户对应的密码



**导入**

执行下面的命令可以把 导出为sql数据文件 的数据 导入到 数据库byhy中

```py
mysql –u username –p  < data.sql
```

执行后，需要输入用户对应的密码



控制台中导入

```
use database_name
source d:/bak.sql
```



## 3. 表的操作

在做表操作的时候，需要用 `use` 命令先选择需要操作的数据库



**列出当前数据库中所有表**

```
show tables
```



**创建表**

```
CREATE TABLE user (
  id int NOT NULL AUTO_INCREMENT,
  username varchar(150)  NOT NULL,
  `password` varchar(128)  NOT NULL,
  realname varchar(30)  NOT NULL,
  PRIMARY KEY (id)
) ENGINE=InnoDB;
```



`CREATE TABLE` 就是创建 表的 SQL 语句 后面跟 表的名字，这里就是 user 作为表名。

接下来括号里面的 是表中 各列的数据类型、特性的描述。

前面 4 行指定了该表中有 4 列， 每列的 名字分别为 id、username、password、realname。

其中 id 是整数类型， 其他的都是字符串类型。

由于 password正好 是MySQL的一个关键字， 我们的字段名如果和关键字重名，应该用 **反引号** 把字段包起来，表示这不是关键字。

其中：

`NOT NULL` 表示这列的数据不能为空。 就是每条记录，这一列里面一定要有数据内容。

`AUTO_INCREMENT` 表示该列中的字段内容是自动递增的，也就是从1开始，添加一条记录id字段的值就自动加1

通常每张表，就应该有个 AUTO_INCREMENT 的 id字段， 为每条记录 产生一个编号。



`PRIMARY KEY (id)` 这行 指定了id这列作为主键。 主键的概念，我们后面会讲。



最后面的 `ENGINE=InnoDB` 指定了该表使用 InnoDB 作为该表的存储引擎（storage engine）。 MySQL有两种存储引擎 MyISAM 和 InnoDB。 不同存储引擎使用不同的方法来对表数据存储和读取。 表数据不同的使用方式，不同的存储引擎效率不一样。

大部分情况下，我们应该使用InnoDB。

在 MySQL 5.5.5 以后，缺省的存储引擎就是 InnoDB ，所以也可以不指定存储引擎，就是InnoDB。



上面的例子中，包括了两种类型的列：int 和 varchar。

MySQL 支持 很多种列数据类型， 具体可以参考 [MySQL官方网站](https://dev.mysql.com/doc/refman/8.0/en/data-types.html)

不同的数据类型存储不同的数据。 比如 年龄 适合用 SMALLINT， 而 名字 适合用 CHAR 或者 VARCHAR， 出生日期 适合用 DATETIME。



**删除表**

```
DROP TABLE 表名;
```



**更改表名**

```
RENAME TABLE 表1 TO 表1新名称;

// 更改多个表名，用逗号隔开
RENAME TABLE table1 to new_table1, table2 to new_table2;
```



## 4. 更改表结构

修改表结构包括很多种处理 ： 添加、删除、重命名 列， 添加、删除、修改索引、主键等等。

具体可以参考 [MySQL官方网站](https://dev.mysql.com/doc/refman/8.0/en/alter-table.html)



**添加列**

在user表中添加两列 description 和 qq

```
ALTER TABLE user ADD `description` varchar(850) NOT NULL, ADD `qq` varchar(20) NOT NULL;
```



**删除列**
如果要在user表中删除两列 description 和 qq

```
ALTER TABLE user DROP `description` , DROP `qq`;
```



**修改列**

如果要在user表中修改列 realname 名字为 realname1

```
ALTER TABLE user CHANGE  `realname` `realname1`  varchar(30) NOT NULL;
```



如果要在user表中修改列 realname 名字为 realname1， `并且修改类型` 为 char(30)

```
ALTER TABLE user CHANGE  `realname` `realname1`  char(30) NOT NULL;
```



## 5. 插入表记录操作

以上都是数据库结构的操作，而数据库还没有实际内容，现在学习操作表记录， 就是对记录的 添加、查询、修改、删除。俗称的增删改查。

前面我们使用如下SQL语句 创建了名为user的表

```sql
CREATE TABLE user (
  `id` int NOT NULL AUTO_INCREMENT,
  `username` varchar(150)  NOT NULL,
  `password` varchar(128)  NOT NULL,
  `realname` varchar(30)  NOT NULL,
  PRIMARY KEY (id)
) ENGINE=InnoDB;
```



### 5.1 **添加记录**

这还是一张空表，要添加一条记录，使用 INSERT INTO 语句，

```sql
INSERT INTO user (username,`password`,realname) VALUES ('byhy1','password1','baiyueheiyu1');
```

> 注意，我们不需要为id这个字段填上对应的值，因为它是 AUTO_INCREMENT 的，MySQL系统会自动为这个字段填值。再有就是有些字段如果有默认值的话，我们也可以不需要赋值。



### 5.1 字符编码（中文字符）

因为MySQL缺省的字符编码是latin1（拉丁字符编码），这种字符编码是不支持存储中文的。

要存储中文，推荐使用utf8字符编码。

我们可以：

- 指定MySQL `整个系统` 的缺省字符编码
- 也可以指定 `某个数据库` 的缺省字符编码
- 也可以指定 `某张表` 的缺省字符编码
- 也可以指定 `表中某列` 的字符编码



比如，我们在创建user表的时候，就可以指定字符编码方式，如下所示

```sql
CREATE TABLE user (
  `id` int NOT NULL AUTO_INCREMENT,
  `username` varchar(150)  NOT NULL,
  `password` varchar(128)  NOT NULL,
  `realname` varchar(30)  NOT NULL,
  PRIMARY KEY (id)
) 
CHARACTER SET utf8mb4
COLLATE utf8mb4_unicode_520_ci;
```



这样，我们添加记录时，里面可以有中文字符。如下所示

```sql
mysql> INSERT INTO user (username,`password`,realname) VALUES ('byhy1','password1','白月黑羽1');
Query OK, 1 row affected (0.00 sec)
```



我们更加推荐，在创建数据库的时候，就指定缺省字符编码。这样就不需要创建每张表都去指定字符编码方式。

这样指定

```sql
CREATE DATABASE byhy CHARACTER SET utf8mb4  COLLATE utf8mb4_unicode_520_ci;
```

然后，我们再创建user表，就不需要指定utf8编码了。



**添加多条记录**

```
INSERT INTO user (username,`password`,realname) VALUES 
    ('byhy2','password2','白月黑羽2'),
    ('byhy3','password3','白月黑羽3'),
    ('byhy4','password4','白月黑羽4'),
    ('byhy5','password5','白月黑羽5');
```



### 5.2 日期和时间记录

我们创建这样一张订单表

```sql
CREATE TABLE `order` (
    id INT AUTO_INCREMENT,
    title VARCHAR(255) NOT NULL,
    place_time DATETIME,
    due_date DATE,
    PRIMARY KEY (id)
) 
```



这张订单表里有两个字段

- place_time 表示下订单的时间点，是 DATETIME 类型
- due_date 表示订单失效有效期截止日， 是 DATE 类型

DATETIME 类型，我们插入的数据格式是这样的 `2019-12-20 10:01:00` 。

甚至可以精确到微秒，像这样 `2019-12-20 10:01:00.999999` ，如果要精确到微秒，该字段的定义要指定长度为6 ，像这样 `place_time DATETIME(6)`

DATE 类型，我们插入的数据格式是这样的 `2019-12-20` 。



对于上面的表， 我们可以这样插入一条记录

```sql
INSERT INTO `order` (title,place_time,due_date) VALUES 
    ('手机订单1','2019-05-04 10:01:00','2019-05-06');
```



## 6. 查询记录

### 6.1 查询记录

要查询该表中所以的记录，使用 SQL语句 select 进行查询

如下所示

```sql
select * from user;
```

得到的结果是

```
+----+----------+-----------+---------------+
| id | username | password  | realname      |
+----+----------+-----------+---------------+
|  1 | byhy1    | password1 | 白月黑羽1     |
|  2 | byhy2    | password2 | 白月黑羽2     |
|  3 | byhy3    | password3 | 白月黑羽3     |
|  4 | byhy4    | password4 | 白月黑羽4     |
|  5 | byhy5    | password5 | 白月黑羽5     |
+----+----------+-----------+---------------+
5 rows in set (0.00 sec)
```

这样就可以查看user 表中的所有记录的所有列的值。

上面 ，select 语句中的 * 表示 查看所有的列



**查看指定列**

有的时候，表中的列很多，我们并不想查看所有的列的内容。

这时候，可以指定要查看的列。



如果，这个user表，我们只想查看 id和username 这两列的信息，就可以这样写

```sql
select id,username  from user;
```

得到的结果是

```
+----+----------+
| id | username |
+----+----------+
|  1 | byhy1    |
|  2 | byhy2    |
|  3 | byhy3    |
|  4 | byhy4    |
|  5 | byhy5    |
+----+----------+
5 rows in set (0.00 sec)
```



### 6.2 查询过滤

我们有时候只需要查询其中符合某些条件的部分信息。 这就叫过滤查询。

根据进过滤条件查询，我们使用 `where从句`



比如，上面的user表，我们只需要查询 用户名为 byhy3 的那个用户的信息，就可以这样

```sql
select *  from user where username='byhy3';
```

得到的结果是

```
+----+----------+-----------+---------------+
| id | username | password  | realname      |
+----+----------+-----------+---------------+
|  3 | byhy3    | password3 | 白月黑羽3     |
+----+----------+-----------+---------------+
1 row in set (0.00 sec)
```

其中 `username='byhy3'` 里面的等号就是一个过滤条件的 `操作符` ，表示过滤条件是查找记录的username字段值等于byhy3。



如果我们只需要查询 id为 2 的那个用户的信息，就可以这样

```sql
select *  from user where id=2;
```



除了等于条件（使用 =）， 还有

- 不等于（使用 <> 或者 !=）

```sql
select *  from user where id!=1;
```

- 大于（使用 > ）

```sql
select *  from user where id>3;
```

- 小于（使用 < ）

```sql
select *  from user where id<3;
```

- 大于等于（使用 >= ）

```sql
select *  from user where id>=3;
```

- 小于等于（使用 <= ）

```sql
select *  from user where id<=3;
```

- 包含字符 （使用 like 和 % ）

```sql
/* 以 byhy 开头*/
select *  from user where username like "byhy%";
/* 以 33 结尾*/
select *  from user where username like "%33";
/* 以 byhy 开头 并且 以 33 结尾*/
select *  from user where username like "byhy%33";
/* 包含 byhy */
select *  from user where username like "%byhy%";
```

- 在集合里面 （使用 in）

```sql
/* id 在指定集合里面 */
select * from user where id in (1,2,3);

/* usernmae 在指定集合里面 */
select * from user where username  in ("byhy1","byhy2");
```



### 6.3 **过滤多个条件**

1. **and 操作符**

如果你要查询的记录过滤条件是多个，并且要 `同时满足` ，就使用 and 关键字连接多个 过滤条件

比如，我们用下面的语句创建客户表 customer1，并且插入一些数据

```sql
CREATE TABLE customer1 (
  `id` int NOT NULL AUTO_INCREMENT,
  `username` varchar(150)  NOT NULL,
  `level` int NOT NULL,
  `coin` int NOT NULL,
  PRIMARY KEY (id)
) ;

INSERT INTO customer1 (username,level,coin) VALUES 
    ('cus01',15, 5),
    ('cus02',5,  315),
    ('cus03',3,  215),
    ('cus04',11, 6615),
    ('cus05',22, 115),
    ('cus06',6,  4415),
    ('cus07',7,  315),
    ('cus08',4,  15),
    ('cus09',9,  315),
    ('cus10',44, 45),
    ('cus11',2,  215),
    ('cus12',1,  815),
    ('cus13',15, 13),
    ('cus14',25, 1566),
    ('cus15',12, 125),
    ('cus16',8,  75);
```

我们 要查询 id > 10 并且等级 level值 小于 15的用户。就可以这样

```sql
select *  from customer1 where id > 10 and level<15;
```

得到的结果是

```
+----+----------+-------+------+
| id | username | level | coin |
+----+----------+-------+------+
| 11 | cus11    |     2 |  215 |
| 12 | cus12    |     1 |  815 |
| 15 | cus15    |    12 |  125 |
| 16 | cus16    |     8 |   75 |
+----+----------+-------+------+
4 rows in set (0.00 sec)
```



如果你有更多的过滤条件，就继续在后面加and，比如

```sql
select *  from customer1 where id > 10 and level<15 and coin<300;
```



2. **or 操作符**

如果你要查询的记录过滤条件是多个， `只要满足其中一个条件即可` ，就使用 or 关键字连接多个 过滤条件

比如，我们 要查询 id > 10 `或` 等级 level值 小于 15的用户。就可以这样

```sql
select *  from customer1 where id > 10 or level<15;
```



注意优先级， and 优先级要比or高

```
select *  from customer1 where (id > 8 or level<15)  and coin=315;
```



### 6.4 子查询

已知有如下两张数据表，

表名：学生表

| id   | 姓名     | 性别 | 电话号码    | 学历 |
| ---- | -------- | ---- | ----------- | ---- |
| 1    | 白月黑羽 | 男   | 13000000001 | 本科 |
| 2    | 紫气一元 | 男   | 13000000002 | 硕士 |
| 3    | 无形冥主 | 男   | 13000000003 | 博士 |
| 4    | 拜月魔巫 | 女   | 13000000004 | 本科 |


 表名：成绩表

| id   | 姓名     | 课程 | 分数 |
| ---- | -------- | ---- | ---- |
| 1    | 白月黑羽 | 语文 | 100  |
| 2    | 紫气一元 | 英语 | 85   |
| 3    | 无形冥主 | 语文 | 100  |
| 4    | 无形冥主 | 英语 | 98   |
| 5    | 拜月魔巫 | 数学 | 100  |

要查询 考试成绩有100分的学生的电话号码

可以使用如下SQL语句

```sql
SELECT 电话号码 FROM 学生表
WHERE 姓名 IN (
  SELECT 姓名 FROM 成绩表 WHERE 分数=100
);
```

过滤条件 是 姓名在一个集合中，但是这个集合不是预先就知道的，而是 另外一个select查询 的结果。

另外一个select 术语叫 `子查询` （subquery）。

MySQL执行 语句时，会先执行子查询，获取分数为100分的学生姓名，放入集合中。 然后再执行外层查询。



### 6.5 多表连接查询

上面的示例中，我们使用 子查询得到 考试成绩有100分的学生的电话号码

其实，还可以使用 `连接查询` ，如下

```sql
SELECT 电话号码 FROM 学生表
INNER JOIN 成绩表 ON  学生表.姓名 = 成绩表.姓名
WHERE 成绩表.分数=100;
```

`INNER JOIN` 语句必须紧跟在 `FROM` 语句 后面，表示连接哪张表，连接条件是什么。

本例中，连接的是 **成绩表**， 连接条件是 **相同的姓名**

MySQL 在执行上面的SQL语句，会依次

- 查询 `学生表` 里面的每条记录

- 针对这条记录，在 `成绩表中` 找 姓名 字段 和 本记录中姓名字段相同 的记录

  如果找到 ，将两条记录连接起来，形成一条包含两条记录内容的新的记录行，存在内存中

  如果找不到，忽略这条记录

- 比较 成绩表中这条记录的 分数 字段是否等于100 ，如果相等，就放入**结果集**中 否则忽略这条记录



本例中的连接查询 INNER JOIN 是 内连接，是最常用的一种连接查询。

还有3 种外连接查询：RIGHT OUTER JOIN、LEFT OUTER JOIN、FULL OUTER JOIN，因为不是特别常用，这里我们暂不介绍，感兴趣的朋友可以自行网上查阅相关资料。



### 6.6 查询结果去重

前面示例中，我们创建了这样的一张 成绩表

```py
+----+--------------+--------+--------+
| id | 姓名         | 课程   | 分数   |
+----+--------------+--------+--------+
|  1 | 白月黑羽     | 语文   |    100 |
|  2 | 紫气一元     | 英语   |     85 |
|  3 | 无形冥主     | 语文   |    100 |
|  4 | 无形冥主     | 英语   |     98 |
|  5 | 拜月魔巫     | 数学   |    100 |
+----+--------------+--------+--------+
```

如果我们想查看 有哪些学科 学生考试得过满分 ，

可以写这样的SQL语句

```sql
select 课程  from 成绩表 where 分数=100;
```

结果如下

```py
+--------+
| 课程   |
+--------+
| 语文   |
| 语文   |
| 数学   |
+--------+
```

可以发现 语文 重复了两次。

因为有 两条记录 语文考试成绩为 100分。

但是我们现在的目的是 ： 只要看有哪些学科，当然不希望重复。

这时，可以使用关键字 `distinct` 。

如下

```sql
select distinct 课程  from 成绩表 where 分数=100;
```

就可以去掉结果中重复的内容了。



### 6.7 查询结果排序

我们经常需要，查询一个结果，并且按照某个字段的值进行排序。

比如，上面的查询

```sql
select *  from customer1 where id > 10;
```

结果需要安装 coin 的值 由小到大排序，怎么办？

这时，可以使用 `order by`

比如

```sql
select *  from customer1 where id > 10 
order by coin;
```

表示查询结果记录 根据 coin 字段的值 升序（ASC） 排列。 所谓升序，就是从小到大。

缺省就是按照升序排列，当然你也可以指定是升序，像这样

```sql
select *  from customer1 where id > 10 
order by coin asc;
```



如果你想 反过来，降序排列，则使用 `desc` ，像这样

```sql
select *  from customer1 where id > 10 
order by coin desc;
```



有时候，你希望 显示记录 先根据 coin排列 ，coin相同的再根据 level 进行排序，就可以这样 写

```sql
select *  from customer1 where id > 10 
order by coin, level;
```

你希望 显示记录 先根据 coin 升序 排列 ，coin相同的再根据 level 降序 排序，就可以这样 写

```sql
select *  from customer1 where id > 10 
order by coin, level desc;
```



### 6.8 查询结果分页

有的时候，SQL语句查询的结果可能有成千上万条记录（想象一下淘宝搜索 手机）。如果一下子全部返回，会耗费大量的CPU和内容，也是不需要的。

这时候，我们的SQL语句可以指定 `分页` ，每次只返回一页数据。

我们执行下面的SQL语句再插入一些数据到学生表中

```sql
INSERT INTO 学生表 (姓名,性别,电话号码,学历) VALUES 
    ('白月黑羽101','男', '13100000101', '本科'),
    ('白月黑羽102','男', '13100000102', '本科'),
    ('白月黑羽103','男', '13100000103', '本科'),
    ('白月黑羽104','男', '13100000104', '本科'),
    ('白月黑羽105','男', '13100000105', '本科'),
    ('白月黑羽106','男', '13100000106', '本科'),
    ('白月黑羽107','男', '13100000107', '本科'),
    ('白月黑羽108','男', '13100000108', '本科'),
    ('白月黑羽109','男', '13100000109', '本科'),
    ('白月黑羽110','男', '13100000110', '本科'),
    ('白月黑羽111','男', '13100000111', '本科'),
    ('白月黑羽112','男', '13100000112', '本科'),
    ('白月黑羽113','男', '13100000113', '本科'),
    ('白月黑羽114','男', '13100000114', '本科'),
    ('白月黑羽115','男', '13100000115', '本科'),
    ('白月黑羽116','男', '13100000116', '本科'),
    ('白月黑羽117','男', '13100000117', '本科'),
    ('白月黑羽118','男', '13100000118', '本科'),
    ('白月黑羽119','男', '13100000119', '本科'),
    ('白月黑羽120','男', '13100000120', '本科'),
    ('白月黑羽121','男', '13100000121', '本科'),
    ('白月黑羽122','男', '13100000122', '本科');
```

然后，如果我们设置每页最多5条记录，返回第2页就可以这样写

```sql
select * from 学生表
limit 5 offset 1;
```

`limit` 后面的数值 指定最多显示多少条记录， `offset` 后面的数值 指定了当前显示第几页，第1页是0，第2页是1…



### 6.8 记录数量、平均值、最大值、最小值

有的时候，我们要获取符合某种条件的记录 有多少条。

比如 ，我们想知道 学生表中 姓名以 白月黑羽 开头的 有多少条记录。

可以使用 SQL函数 count ，如下所示

```sql
select count(*) from 学生表 where 姓名 like "白月黑羽%";
```

count是 SQL 函数，用来返回记录数量。



常用的SQL函数，还有

- sum

  计算某列数字的总和，比如

  ```sql
  select sum(分数) from 成绩表;
  ```

  就可以获取成绩表中所有记录分数 得分总和

- avg

  计算某列数字的平均，比如

  ```sql
  select avg(分数) from 成绩表;
  ```

  就可以获取成绩表中所有记录平均之后的得分

- max

  得到某列数字的最大值，比如

  ```sql
  select max(分数) from 成绩表;
  ```

  就可以获取成绩表中所有记录的最高得分

- miin

  得到某列数字的最小值，比如

  ```sql
  select min(分数) from 成绩表;
  ```

  就可以获取成绩表中所有记录的最低得分



## 7. 修改记录

我们经常需要更新表记录信息，比如一个用户更新了他的头像，消费后余额更新等等。

MySQL更新记录使用的是 `update` 语句。

前面我们曾经创建过customer1 表，如果我们要更新其中用户名为 cus16 这条记录，把coin值设置为 100，就可以这样写

```sql
update customer1 set coin=100 where username='cus16';
```

注意， 这里也用到了 where 从句，限制了更新的 只是 username为cus16的这些记录。

否则，如果没有where 从句，像这样

```sql
update customer1 set coin=100;
```

就会更新该表中所有的记录，把所有的记录的coin 全部设置为 100

where 从句也是用来，过滤要更新的记录的， 用法和select里面where 从句的用法是一样的。



如果我们要更新多个列里面的内容，比如要把username为cus16的记录，把coin值设置为 100，level值设置为 30，就可以这样写

```sql
update customer1 set coin=100,level=30 where username='cus16';
```

另外SQL语句中间是可以换行的，像下面这样，也是可以的

```sql
update customer1 
set 
  coin=100,
  level=30 
where username='cus16';
```



## 8. 删除记录

我们有时也需要删除表记录。

MySQL删除记录使用的是 `delete from` 语句。

前面我们曾经创建过customer1 表，如果我们要删除其中cus16这条记录，可以这样写

```sql
delete from customer1  where username='cus16';
```

注意， 这里也用到了where 从句，限制了 删除的 只是 username为cus16的这些记录。

否则，如果没有where 从句，像这样

```sql
delete from customer1;
```

就会删除该表中所有的记录。

删除表中所有的记录，但是表还在，这个和删除表 drop table 是不同的。

where 从句也是用来过滤要删除的记录的， 用法和select里面where 从句的用法是一样的。



